3,Viel, Phaedra,pviel2@yahoo.co.jp,218.70.112.170
11,Duinkerk, Melodee,mduinkerka@cbslocal.com,212.133.19.255
13,Brimmacombe, Maryjo,mbrimmacombec@creativecommons.org,114.21.69.9
17,Bedbrough, Kalinda,kbedbroughg@goo.gl,57.205.8.119
23,Balasin, Jermaine,jbalasinm@fda.gov,0.71.169.222
29,Caney, Chad,ccaneys@nature.com,98.204.202.245
31,Bragginton, Roxie,rbraggintonu@xing.com,247.218.201.105
35,Jecock, Marylou,mjecocky@51.la,216.218.39.21
37,Beardmore, Daisi,dbeardmore10@quantcast.com,252.57.120.232
39,Darke, Iseabal,idarke12@is.gd,222.241.32.221
43,Andrioletti, Chelsae,candrioletti16@blogtalkradio.com,252.110.102.178
45,Goseling, Corrina,cgoseling18@craigslist.org,102.69.103.228
47,Ronaghan, Titos,tronaghan1a@flickr.com,234.133.74.193
55,Beidebeke, Mufinella,mbeidebeke1i@ebay.co.uk,237.166.231.138
57,Cartledge, Dacia,dcartledge1k@hc360.com,13.153.241.3
59,McGawn, Shelli,smcgawn1m@w3.org,154.166.65.187
63,Delyth, Stormy,sdelyth1q@patch.com,41.33.105.217
65,Daw, Ninetta,ndaw1s@phpbb.com,30.140.25.78
67,Swaisland, Simonne,sswaisland1u@uol.com.br,157.251.141.225
69,Stienton, Ara,astienton1w@tripadvisor.com,237.174.19.73
73,Smurthwaite, Danice,dsmurthwaite20@archive.org,40.191.80.148
75,Eager, Martica,meager22@merriam-webster.com,38.165.218.191
79,Buncom, Karlotte,kbuncom26@usgs.gov,178.51.240.110
85,Rigeby, Lauryn,lrigeby2c@chron.com,82.117.231.199
87,Lamberto, Melissa,mlamberto2e@about.com,207.167.102.250
89,Yakubovics, Henrietta,hyakubovics2g@ucla.edu,203.13.153.177
